feature,mean_increase_mse,std
unique_device_count,0.09636096656322479,0.004092543851584196
total_logs,0.09566843509674072,0.0026220357976853848
mean_duration,0.0023675388656556606,0.00042523653246462345
sensitive_ratio,0.0022957324981689453,0.00038325274363160133
fail_ratio,0.001574251800775528,0.0004913115408271551
vpn_ratio,0.0015206628013402224,0.0005006444989703596
unique_patient_count,0.0,0.0
shift_logic,0.0,0.0
